{
  "strategy": "split_conformal_abs_residual_by_pred_minutes_bucket_and_starter",
  "coverage": 0.8,
  "min_combo_samples": 30,
  "min_bucket_samples": 30,
  "minutes_bins": [
    0,
    10,
    20,
    30,
    60
  ],
  "minutes_labels": [
    "0-10",
    "10-20",
    "20-30",
    "30+"
  ],
  "global_abs_error_quantile": 8.224137950608636,
  "bucket_quantiles": {
    "0-10": {
      "count": 15,
      "q": 5.251494829046986
    },
    "10-20": {
      "count": 84,
      "q": 7.1040870208504
    },
    "20-30": {
      "count": 76,
      "q": 10.604551676697934
    },
    "30+": {
      "count": 2,
      "q": 9.328053098984448
    }
  },
  "combo_quantiles": {
    "0-10|0": {
      "count": 15,
      "q": 5.251494829046986
    },
    "10-20|0": {
      "count": 68,
      "q": 8.082583960620513
    },
    "10-20|1": {
      "count": 16,
      "q": 6.939580465297249
    },
    "20-30|0": {
      "count": 14,
      "q": 6.329426583733577
    },
    "20-30|1": {
      "count": 62,
      "q": 11.203276459265139
    },
    "30+|1": {
      "count": 2,
      "q": 9.328053098984448
    }
  }
}